code,distance,noise_model,readout_ns,decoder,measure_error,num_shots,logical_error_rate,seconds
bacon,5,futuristic_fixedreadout,200,bposd,0.22100820215836314,5000,0.0026,1.5161175727844238
bacon,5,futuristic_fixedreadout,400,bposd,0.05072477893499516,5000,0.0016,1.4820818901062012
bacon,5,futuristic_fixedreadout,600,bposd,0.03397763774713358,5000,0.0022,1.6092398166656494
bacon,5,futuristic_fixedreadout,800,bposd,0.03365302389666702,5000,0.004,1.493994951248169
bacon,5,futuristic_fixedreadout,1000,bposd,0.03281437895417039,5000,0.0044,1.4228861331939697
bacon,7,futuristic_fixedreadout,200,bposd,0.22100820215836314,5000,0.0004,5.001549243927002
bacon,7,futuristic_fixedreadout,400,bposd,0.05072477893499516,5000,0.0004,5.027532339096069
bacon,7,futuristic_fixedreadout,600,bposd,0.03397763774713358,5000,0.0006,5.8115973472595215
bacon,7,futuristic_fixedreadout,800,bposd,0.03365302389666702,5000,0.0008,5.46117377281189
bacon,7,futuristic_fixedreadout,1000,bposd,0.03281437895417039,5000,0.0018,5.349644899368286
bacon,9,futuristic_fixedreadout,200,bposd,0.22100820215836314,5000,0.0012,20.241167306900024
bacon,9,futuristic_fixedreadout,400,bposd,0.05072477893499516,5000,0.001,21.345338821411133
bacon,9,futuristic_fixedreadout,600,bposd,0.03397763774713358,5000,0.0008,19.476152181625366
bacon,9,futuristic_fixedreadout,800,bposd,0.03365302389666702,5000,0.0006,14.941275119781494
bacon,9,futuristic_fixedreadout,1000,bposd,0.03281437895417039,5000,0.0002,21.974697589874268
bacon,11,futuristic_fixedreadout,200,bposd,0.22100820215836314,5000,0.0006,62.386608839035034
bacon,11,futuristic_fixedreadout,400,bposd,0.05072477893499516,5000,0.0006,67.0813422203064
bacon,11,futuristic_fixedreadout,600,bposd,0.03397763774713358,5000,0.0,58.09850025177002
bacon,11,futuristic_fixedreadout,800,bposd,0.03365302389666702,5000,0.0006,72.77564334869385
bacon,11,futuristic_fixedreadout,1000,bposd,0.03281437895417039,5000,0.0002,65.62865090370178
bacon,13,futuristic_fixedreadout,200,bposd,0.22100820215836314,5000,0.0006,148.57070922851562
bacon,13,futuristic_fixedreadout,400,bposd,0.05072477893499516,5000,0.0002,147.29114961624146
bacon,13,futuristic_fixedreadout,600,bposd,0.03397763774713358,5000,0.0008,151.9906461238861
bacon,13,futuristic_fixedreadout,800,bposd,0.03365302389666702,5000,0.0004,152.651771068573
bacon,13,futuristic_fixedreadout,1000,bposd,0.03281437895417039,5000,0.0,156.35390377044678
color,5,futuristic_fixedreadout,200,bposd,0.22100820215836314,5000,0.0016,3.6254818439483643
color,5,futuristic_fixedreadout,400,bposd,0.05072477893499516,5000,0.0026,5.844785451889038
color,5,futuristic_fixedreadout,600,bposd,0.03397763774713358,5000,0.0016,5.672047138214111
color,5,futuristic_fixedreadout,800,bposd,0.03365302389666702,5000,0.003,5.406978130340576
color,5,futuristic_fixedreadout,1000,bposd,0.03281437895417039,5000,0.0026,6.568072080612183
color,7,futuristic_fixedreadout,200,bposd,0.22100820215836314,5000,0.004,60.98494911193848
color,7,futuristic_fixedreadout,400,bposd,0.05072477893499516,5000,0.007,48.873554706573486
color,7,futuristic_fixedreadout,600,bposd,0.03397763774713358,5000,0.0072,57.6760311126709
color,7,futuristic_fixedreadout,800,bposd,0.03365302389666702,5000,0.0068,55.54874110221863
color,7,futuristic_fixedreadout,1000,bposd,0.03281437895417039,5000,0.0092,65.16352677345276
color,9,futuristic_fixedreadout,200,bposd,0.22100820215836314,5000,0.0222,299.0729353427887
color,9,futuristic_fixedreadout,400,bposd,0.05072477893499516,5000,0.027,300.72063064575195
color,9,futuristic_fixedreadout,600,bposd,0.03397763774713358,5000,0.03,297.6960837841034
color,9,futuristic_fixedreadout,800,bposd,0.03365302389666702,5000,0.0266,292.0204567909241
color,9,futuristic_fixedreadout,1000,bposd,0.03281437895417039,5000,0.0216,306.4643507003784
color,11,futuristic_fixedreadout,200,bposd,0.22100820215836314,5000,0.1404,1459.3655488491058
color,11,futuristic_fixedreadout,400,bposd,0.05072477893499516,5000,0.1374,1491.2316982746124
color,11,futuristic_fixedreadout,600,bposd,0.03397763774713358,5000,0.1418,1498.0275554656982
color,11,futuristic_fixedreadout,800,bposd,0.03365302389666702,5000,0.1372,1495.9593613147736
color,11,futuristic_fixedreadout,1000,bposd,0.03281437895417039,5000,0.1416,1502.8557088375092
color,13,futuristic_fixedreadout,200,bposd,0.22100820215836314,5000,0.4236,7798.283481359482
color,13,futuristic_fixedreadout,400,bposd,0.05072477893499516,5000,0.423,7348.8116574287415
color,13,futuristic_fixedreadout,600,bposd,0.03397763774713358,5000,0.4278,7238.269676685333
color,13,futuristic_fixedreadout,800,bposd,0.03365302389666702,5000,0.421,5495.01189994812
color,13,futuristic_fixedreadout,1000,bposd,0.03281437895417039,5000,0.421,7877.892861843109
gross,12,futuristic_fixedreadout,200,bposd,0.22100820215836314,1000,0.984,2146.5779597759247
gross,12,futuristic_fixedreadout,400,bposd,0.05072477893499516,1000,0.984,2031.5350198745728
gross,12,futuristic_fixedreadout,600,bposd,0.03397763774713358,1000,0.986,2015.9272048473358
gross,12,futuristic_fixedreadout,800,bposd,0.03365302389666702,1000,0.99,1891.5226244926453
gross,12,futuristic_fixedreadout,1000,bposd,0.03281437895417039,1000,0.985,2037.9760420322418
hh,5,futuristic_fixedreadout,200,mwpm,0.22100820215836314,50000,0.00218,1.0396113395690918
hh,5,futuristic_fixedreadout,400,mwpm,0.05072477893499516,50000,0.00262,1.2772612571716309
hh,5,futuristic_fixedreadout,600,mwpm,0.03397763774713358,50000,0.0028,1.4949791431427002
hh,5,futuristic_fixedreadout,800,mwpm,0.03365302389666702,50000,0.00266,0.6484963893890381
hh,5,futuristic_fixedreadout,1000,mwpm,0.03281437895417039,50000,0.003,1.0994722843170166
hh,7,futuristic_fixedreadout,200,mwpm,0.22100820215836314,50000,0.0081,3.804647445678711
hh,7,futuristic_fixedreadout,400,mwpm,0.05072477893499516,50000,0.00858,3.5706777572631836
hh,7,futuristic_fixedreadout,600,mwpm,0.03397763774713358,50000,0.0075,4.099491357803345
hh,7,futuristic_fixedreadout,800,mwpm,0.03365302389666702,50000,0.00814,4.128683805465698
hh,7,futuristic_fixedreadout,1000,mwpm,0.03281437895417039,50000,0.00822,3.1198570728302
hh,9,futuristic_fixedreadout,200,mwpm,0.22100820215836314,50000,0.03112,10.847455978393555
hh,9,futuristic_fixedreadout,400,mwpm,0.05072477893499516,50000,0.03246,10.879087686538696
hh,9,futuristic_fixedreadout,600,mwpm,0.03397763774713358,50000,0.0325,10.255323886871338
hh,9,futuristic_fixedreadout,800,mwpm,0.03365302389666702,50000,0.03186,10.381076097488403
hh,9,futuristic_fixedreadout,1000,mwpm,0.03281437895417039,50000,0.03348,10.718054294586182
hh,11,futuristic_fixedreadout,200,mwpm,0.22100820215836314,50000,0.12128,26.311588287353516
hh,11,futuristic_fixedreadout,400,mwpm,0.05072477893499516,50000,0.1222,24.904227256774902
hh,11,futuristic_fixedreadout,600,mwpm,0.03397763774713358,50000,0.12278,28.182672262191772
hh,11,futuristic_fixedreadout,800,mwpm,0.03365302389666702,50000,0.12512,24.839680433273315
hh,11,futuristic_fixedreadout,1000,mwpm,0.03281437895417039,50000,0.128,22.322108507156372
hh,13,futuristic_fixedreadout,200,mwpm,0.22100820215836314,50000,0.33528,53.83984160423279
hh,13,futuristic_fixedreadout,400,mwpm,0.05072477893499516,50000,0.33716,53.088263511657715
hh,13,futuristic_fixedreadout,600,mwpm,0.03397763774713358,50000,0.3384,46.39035415649414
hh,13,futuristic_fixedreadout,800,mwpm,0.03365302389666702,50000,0.345,37.511321783065796
hh,13,futuristic_fixedreadout,1000,mwpm,0.03281437895417039,50000,0.34386,42.15380024909973
steane,9,futuristic_fixedreadout,200,bposd,0.22100820215836314,5000,0.0878,81.41639113426208
steane,9,futuristic_fixedreadout,400,bposd,0.05072477893499516,5000,0.0926,72.995126247406
steane,9,futuristic_fixedreadout,600,bposd,0.03397763774713358,5000,0.0906,86.79382586479187
steane,9,futuristic_fixedreadout,800,bposd,0.03365302389666702,5000,0.0918,82.75600218772888
steane,9,futuristic_fixedreadout,1000,bposd,0.03281437895417039,5000,0.0998,84.23872470855713
surface,5,futuristic_fixedreadout,200,mwpm,0.22100820215836314,50000,0.00048,0.9888732433319092
surface,5,futuristic_fixedreadout,400,mwpm,0.05072477893499516,50000,0.00036,1.0136229991912842
surface,5,futuristic_fixedreadout,600,mwpm,0.03397763774713358,50000,0.00032,1.0012166500091553
surface,5,futuristic_fixedreadout,800,mwpm,0.03365302389666702,50000,0.00048,1.015228271484375
surface,5,futuristic_fixedreadout,1000,mwpm,0.03281437895417039,50000,0.00088,0.9898295402526855
surface,7,futuristic_fixedreadout,200,mwpm,0.22100820215836314,50000,0.00096,2.4384818077087402
surface,7,futuristic_fixedreadout,400,mwpm,0.05072477893499516,50000,0.00116,2.6328513622283936
surface,7,futuristic_fixedreadout,600,mwpm,0.03397763774713358,50000,0.00116,2.5019285678863525
surface,7,futuristic_fixedreadout,800,mwpm,0.03365302389666702,50000,0.00114,2.4537267684936523
surface,7,futuristic_fixedreadout,1000,mwpm,0.03281437895417039,50000,0.00132,2.5442144870758057
surface,9,futuristic_fixedreadout,200,mwpm,0.22100820215836314,50000,0.00552,7.36081075668335
surface,9,futuristic_fixedreadout,400,mwpm,0.05072477893499516,50000,0.00568,4.13677978515625
surface,9,futuristic_fixedreadout,600,mwpm,0.03397763774713358,50000,0.00548,6.830036401748657
surface,9,futuristic_fixedreadout,800,mwpm,0.03365302389666702,50000,0.00564,6.251044750213623
surface,9,futuristic_fixedreadout,1000,mwpm,0.03281437895417039,50000,0.00626,7.0399088859558105
surface,11,futuristic_fixedreadout,200,mwpm,0.22100820215836314,50000,0.03142,19.607712030410767
surface,11,futuristic_fixedreadout,400,mwpm,0.05072477893499516,50000,0.03158,18.892303228378296
surface,11,futuristic_fixedreadout,600,mwpm,0.03397763774713358,50000,0.03358,17.107682943344116
surface,11,futuristic_fixedreadout,800,mwpm,0.03365302389666702,50000,0.03386,17.03886342048645
surface,11,futuristic_fixedreadout,1000,mwpm,0.03281437895417039,50000,0.03566,19.457287788391113
surface,13,futuristic_fixedreadout,200,mwpm,0.22100820215836314,50000,0.16684,44.840635776519775
surface,13,futuristic_fixedreadout,400,mwpm,0.05072477893499516,50000,0.17158,46.32463026046753
surface,13,futuristic_fixedreadout,600,mwpm,0.03397763774713358,50000,0.17036,47.312723875045776
surface,13,futuristic_fixedreadout,800,mwpm,0.03365302389666702,50000,0.17424,49.06309938430786
surface,13,futuristic_fixedreadout,1000,mwpm,0.03281437895417039,50000,0.17894,48.944318532943726
