code,distance,noise_model,readout_ns,pct_faster_vs_1000ns,ler,ler_1000ns,ler_pct_diff_vs_1000ns
surface,5,heron_herqules,200,80,0.432800,0.039250,1002.7
surface,5,heron_herqules,400,60,0.065850,0.039250,67.8
surface,5,heron_herqules,600,40,0.040150,0.039250,2.3
surface,5,heron_herqules,800,20,0.041100,0.039250,4.7
surface,5,heron_herqules,1000,0,0.039250,0.039250,0.0
surface,7,heron_herqules,200,80,0.489800,0.139400,251.4
surface,7,heron_herqules,400,60,0.182950,0.139400,31.2
surface,7,heron_herqules,600,40,0.135800,0.139400,-2.6
surface,7,heron_herqules,800,20,0.139050,0.139400,-0.3
surface,7,heron_herqules,1000,0,0.139400,0.139400,0.0
surface,9,heron_herqules,200,80,0.504300,0.401850,25.5
surface,9,heron_herqules,400,60,0.430750,0.401850,7.2
surface,9,heron_herqules,600,40,0.401050,0.401850,-0.2
surface,9,heron_herqules,800,20,0.401550,0.401850,-0.1
surface,9,heron_herqules,1000,0,0.401850,0.401850,0.0
surface,11,heron_herqules,200,80,0.500950,0.496550,0.9
surface,11,heron_herqules,400,60,0.504750,0.496550,1.7
surface,11,heron_herqules,600,40,0.498850,0.496550,0.5
surface,11,heron_herqules,800,20,0.500650,0.496550,0.8
surface,11,heron_herqules,1000,0,0.496550,0.496550,0.0
surface,13,heron_herqules,200,80,0.499300,0.500600,-0.3
surface,13,heron_herqules,400,60,0.504700,0.500600,0.8
surface,13,heron_herqules,600,40,0.497350,0.500600,-0.6
surface,13,heron_herqules,800,20,0.500150,0.500600,-0.1
surface,13,heron_herqules,1000,0,0.500600,0.500600,0.0
bacon,5,heron_herqules,200,80,0.516400,0.474400,8.9
bacon,5,heron_herqules,400,60,0.509000,0.474400,7.3
bacon,5,heron_herqules,600,40,0.480800,0.474400,1.3
bacon,5,heron_herqules,800,20,0.464800,0.474400,-2.0
bacon,5,heron_herqules,1000,0,0.474400,0.474400,0.0
bacon,7,heron_herqules,200,80,0.491200,0.493600,-0.5
bacon,7,heron_herqules,400,60,0.494600,0.493600,0.2
bacon,7,heron_herqules,600,40,0.504600,0.493600,2.2
bacon,7,heron_herqules,800,20,0.500400,0.493600,1.4
bacon,7,heron_herqules,1000,0,0.493600,0.493600,0.0
bacon,9,heron_herqules,200,80,0.503800,0.499800,0.8
bacon,9,heron_herqules,400,60,0.505400,0.499800,1.1
bacon,9,heron_herqules,600,40,0.487800,0.499800,-2.4
bacon,9,heron_herqules,800,20,0.492800,0.499800,-1.4
bacon,9,heron_herqules,1000,0,0.499800,0.499800,0.0
bacon,11,heron_herqules,200,80,0.502800,0.500800,0.4
bacon,11,heron_herqules,400,60,0.496000,0.500800,-1.0
bacon,11,heron_herqules,600,40,0.491800,0.500800,-1.8
bacon,11,heron_herqules,800,20,0.501000,0.500800,0.0
bacon,11,heron_herqules,1000,0,0.500800,0.500800,0.0
bacon,13,heron_herqules,200,80,0.500200,0.496200,0.8
bacon,13,heron_herqules,400,60,0.515000,0.496200,3.8
bacon,13,heron_herqules,600,40,0.505200,0.496200,1.8
bacon,13,heron_herqules,800,20,0.495400,0.496200,-0.2
bacon,13,heron_herqules,1000,0,0.496200,0.496200,0.0
color,5,heron_herqules,200,80,0.456600,0.075600,504.0
color,5,heron_herqules,400,60,0.105200,0.075600,39.2
color,5,heron_herqules,600,40,0.072000,0.075600,-4.8
color,5,heron_herqules,800,20,0.074400,0.075600,-1.6
color,5,heron_herqules,1000,0,0.075600,0.075600,0.0
color,7,heron_herqules,200,80,0.490200,0.245800,99.4
color,7,heron_herqules,400,60,0.298800,0.245800,21.6
color,7,heron_herqules,600,40,0.253200,0.245800,3.0
color,7,heron_herqules,800,20,0.258800,0.245800,5.3
color,7,heron_herqules,1000,0,0.245800,0.245800,0.0
color,9,heron_herqules,200,80,0.496200,0.486000,2.1
color,9,heron_herqules,400,60,0.480200,0.486000,-1.2
color,9,heron_herqules,600,40,0.490000,0.486000,0.8
color,9,heron_herqules,800,20,0.494600,0.486000,1.8
color,9,heron_herqules,1000,0,0.486000,0.486000,0.0
color,11,heron_herqules,200,80,0.501400,0.486800,3.0
color,11,heron_herqules,400,60,0.510200,0.486800,4.8
color,11,heron_herqules,600,40,0.504800,0.486800,3.7
color,11,heron_herqules,800,20,0.509200,0.486800,4.6
color,11,heron_herqules,1000,0,0.486800,0.486800,0.0
color,13,heron_herqules,200,80,0.497000,0.506800,-1.9
color,13,heron_herqules,400,60,0.501000,0.506800,-1.1
color,13,heron_herqules,600,40,0.513200,0.506800,1.3
color,13,heron_herqules,800,20,0.498000,0.506800,-1.7
color,13,heron_herqules,1000,0,0.506800,0.506800,0.0
hh,5,heron_herqules,200,80,0.453850,0.082100,452.8
hh,5,heron_herqules,400,60,0.109100,0.082100,32.9
hh,5,heron_herqules,600,40,0.078750,0.082100,-4.1
hh,5,heron_herqules,800,20,0.085400,0.082100,4.0
hh,5,heron_herqules,1000,0,0.082100,0.082100,0.0
hh,7,heron_herqules,200,80,0.493500,0.262350,88.1
hh,7,heron_herqules,400,60,0.295850,0.262350,12.8
hh,7,heron_herqules,600,40,0.250850,0.262350,-4.4
hh,7,heron_herqules,800,20,0.253600,0.262350,-3.3
hh,7,heron_herqules,1000,0,0.262350,0.262350,0.0
hh,9,heron_herqules,200,80,0.494250,0.476050,3.8
hh,9,heron_herqules,400,60,0.486650,0.476050,2.2
hh,9,heron_herqules,600,40,0.474900,0.476050,-0.2
hh,9,heron_herqules,800,20,0.476300,0.476050,0.1
hh,9,heron_herqules,1000,0,0.476050,0.476050,0.0
hh,11,heron_herqules,200,80,0.497250,0.506400,-1.8
hh,11,heron_herqules,400,60,0.494950,0.506400,-2.3
hh,11,heron_herqules,600,40,0.496850,0.506400,-1.9
hh,11,heron_herqules,800,20,0.501300,0.506400,-1.0
hh,11,heron_herqules,1000,0,0.506400,0.506400,0.0
hh,13,heron_herqules,200,80,0.497550,0.503550,-1.2
hh,13,heron_herqules,400,60,0.501050,0.503550,-0.5
hh,13,heron_herqules,600,40,0.503850,0.503550,0.1
hh,13,heron_herqules,800,20,0.503750,0.503550,0.0
hh,13,heron_herqules,1000,0,0.503550,0.503550,0.0
steane,9,heron_herqules,200,80,0.347400,0.257400,35.0
steane,9,heron_herqules,400,60,0.250400,0.257400,-2.7
steane,9,heron_herqules,600,40,0.250000,0.257400,-2.9
steane,9,heron_herqules,800,20,0.237800,0.257400,-7.6
steane,9,heron_herqules,1000,0,0.257400,0.257400,0.0
gross,12,heron_herqules,200,80,1.000000,1.000000,0.0
gross,12,heron_herqules,400,60,1.000000,1.000000,0.0
gross,12,heron_herqules,600,40,1.000000,1.000000,0.0
gross,12,heron_herqules,800,20,1.000000,1.000000,0.0
gross,12,heron_herqules,1000,0,1.000000,1.000000,0.0
surface,5,readout_decoherence,200,80,0.445550,0.042600,945.9
surface,5,readout_decoherence,400,60,0.065950,0.042600,54.8
surface,5,readout_decoherence,600,40,0.039800,0.042600,-6.6
surface,5,readout_decoherence,800,20,0.041750,0.042600,-2.0
surface,5,readout_decoherence,1000,0,0.042600,0.042600,0.0
surface,7,readout_decoherence,200,80,0.486850,0.141650,243.7
surface,7,readout_decoherence,400,60,0.190750,0.141650,34.7
surface,7,readout_decoherence,600,40,0.136450,0.141650,-3.7
surface,7,readout_decoherence,800,20,0.140400,0.141650,-0.9
surface,7,readout_decoherence,1000,0,0.141650,0.141650,0.0
surface,9,readout_decoherence,200,80,0.502750,0.402150,25.0
surface,9,readout_decoherence,400,60,0.438750,0.402150,9.1
surface,9,readout_decoherence,600,40,0.401850,0.402150,-0.1
surface,9,readout_decoherence,800,20,0.402650,0.402150,0.1
surface,9,readout_decoherence,1000,0,0.402150,0.402150,0.0
surface,11,readout_decoherence,200,80,0.492850,0.497450,-0.9
surface,11,readout_decoherence,400,60,0.499600,0.497450,0.4
surface,11,readout_decoherence,600,40,0.490200,0.497450,-1.5
surface,11,readout_decoherence,800,20,0.495250,0.497450,-0.4
surface,11,readout_decoherence,1000,0,0.497450,0.497450,0.0
surface,13,readout_decoherence,200,80,0.497250,0.502800,-1.1
surface,13,readout_decoherence,400,60,0.497900,0.502800,-1.0
surface,13,readout_decoherence,600,40,0.497550,0.502800,-1.0
surface,13,readout_decoherence,800,20,0.501850,0.502800,-0.2
surface,13,readout_decoherence,1000,0,0.502800,0.502800,0.0
bacon,5,readout_decoherence,200,80,0.506800,0.462600,9.6
bacon,5,readout_decoherence,400,60,0.485400,0.462600,4.9
bacon,5,readout_decoherence,600,40,0.472400,0.462600,2.1
bacon,5,readout_decoherence,800,20,0.473800,0.462600,2.4
bacon,5,readout_decoherence,1000,0,0.462600,0.462600,0.0
bacon,7,readout_decoherence,200,80,0.502400,0.501200,0.2
bacon,7,readout_decoherence,400,60,0.497000,0.501200,-0.8
bacon,7,readout_decoherence,600,40,0.488600,0.501200,-2.5
bacon,7,readout_decoherence,800,20,0.511800,0.501200,2.1
bacon,7,readout_decoherence,1000,0,0.501200,0.501200,0.0
bacon,9,readout_decoherence,200,80,0.494400,0.496800,-0.5
bacon,9,readout_decoherence,400,60,0.507000,0.496800,2.1
bacon,9,readout_decoherence,600,40,0.498000,0.496800,0.2
bacon,9,readout_decoherence,800,20,0.495200,0.496800,-0.3
bacon,9,readout_decoherence,1000,0,0.496800,0.496800,0.0
bacon,11,readout_decoherence,200,80,0.518400,0.493200,5.1
bacon,11,readout_decoherence,400,60,0.522800,0.493200,6.0
bacon,11,readout_decoherence,600,40,0.502000,0.493200,1.8
bacon,11,readout_decoherence,800,20,0.497400,0.493200,0.9
bacon,11,readout_decoherence,1000,0,0.493200,0.493200,0.0
bacon,13,readout_decoherence,200,80,0.500800,0.503600,-0.6
bacon,13,readout_decoherence,400,60,0.492200,0.503600,-2.3
bacon,13,readout_decoherence,600,40,0.507600,0.503600,0.8
bacon,13,readout_decoherence,800,20,0.494400,0.503600,-1.8
bacon,13,readout_decoherence,1000,0,0.503600,0.503600,0.0
color,5,readout_decoherence,200,80,0.446200,0.075400,491.8
color,5,readout_decoherence,400,60,0.097400,0.075400,29.2
color,5,readout_decoherence,600,40,0.069400,0.075400,-8.0
color,5,readout_decoherence,800,20,0.079000,0.075400,4.8
color,5,readout_decoherence,1000,0,0.075400,0.075400,0.0
color,7,readout_decoherence,200,80,0.493400,0.265000,86.2
color,7,readout_decoherence,400,60,0.293000,0.265000,10.6
color,7,readout_decoherence,600,40,0.250800,0.265000,-5.4
color,7,readout_decoherence,800,20,0.260200,0.265000,-1.8
color,7,readout_decoherence,1000,0,0.265000,0.265000,0.0
color,9,readout_decoherence,200,80,0.492000,0.489800,0.4
color,9,readout_decoherence,400,60,0.478400,0.489800,-2.3
color,9,readout_decoherence,600,40,0.482600,0.489800,-1.5
color,9,readout_decoherence,800,20,0.487400,0.489800,-0.5
color,9,readout_decoherence,1000,0,0.489800,0.489800,0.0
color,11,readout_decoherence,200,80,0.494800,0.497800,-0.6
color,11,readout_decoherence,400,60,0.497000,0.497800,-0.2
color,11,readout_decoherence,600,40,0.505600,0.497800,1.6
color,11,readout_decoherence,800,20,0.502800,0.497800,1.0
color,11,readout_decoherence,1000,0,0.497800,0.497800,0.0
color,13,readout_decoherence,200,80,0.508800,0.497800,2.2
color,13,readout_decoherence,400,60,0.498200,0.497800,0.1
color,13,readout_decoherence,600,40,0.498000,0.497800,0.0
color,13,readout_decoherence,800,20,0.502400,0.497800,0.9
color,13,readout_decoherence,1000,0,0.497800,0.497800,0.0
hh,5,readout_decoherence,200,80,0.443650,0.080300,452.5
hh,5,readout_decoherence,400,60,0.111350,0.080300,38.7
hh,5,readout_decoherence,600,40,0.074300,0.080300,-7.5
hh,5,readout_decoherence,800,20,0.079850,0.080300,-0.6
hh,5,readout_decoherence,1000,0,0.080300,0.080300,0.0
hh,7,readout_decoherence,200,80,0.487000,0.255300,90.8
hh,7,readout_decoherence,400,60,0.301500,0.255300,18.1
hh,7,readout_decoherence,600,40,0.249950,0.255300,-2.1
hh,7,readout_decoherence,800,20,0.253050,0.255300,-0.9
hh,7,readout_decoherence,1000,0,0.255300,0.255300,0.0
hh,9,readout_decoherence,200,80,0.500500,0.480550,4.2
hh,9,readout_decoherence,400,60,0.478100,0.480550,-0.5
hh,9,readout_decoherence,600,40,0.472850,0.480550,-1.6
hh,9,readout_decoherence,800,20,0.473400,0.480550,-1.5
hh,9,readout_decoherence,1000,0,0.480550,0.480550,0.0
hh,11,readout_decoherence,200,80,0.504750,0.503750,0.2
hh,11,readout_decoherence,400,60,0.501000,0.503750,-0.5
hh,11,readout_decoherence,600,40,0.496100,0.503750,-1.5
hh,11,readout_decoherence,800,20,0.498750,0.503750,-1.0
hh,11,readout_decoherence,1000,0,0.503750,0.503750,0.0
hh,13,readout_decoherence,200,80,0.500400,0.500950,-0.1
hh,13,readout_decoherence,400,60,0.495950,0.500950,-1.0
hh,13,readout_decoherence,600,40,0.497000,0.500950,-0.8
hh,13,readout_decoherence,800,20,0.501000,0.500950,0.0
hh,13,readout_decoherence,1000,0,0.500950,0.500950,0.0
steane,9,readout_decoherence,200,80,0.349400,0.260600,34.1
steane,9,readout_decoherence,400,60,0.272600,0.260600,4.6
steane,9,readout_decoherence,600,40,0.244600,0.260600,-6.1
steane,9,readout_decoherence,800,20,0.261800,0.260600,0.5
steane,9,readout_decoherence,1000,0,0.260600,0.260600,0.0
gross,12,readout_decoherence,200,80,0.998000,1.000000,-0.2
gross,12,readout_decoherence,400,60,1.000000,1.000000,0.0
gross,12,readout_decoherence,600,40,1.000000,1.000000,0.0
gross,12,readout_decoherence,800,20,1.000000,1.000000,0.0
gross,12,readout_decoherence,1000,0,1.000000,1.000000,0.0
surface,5,decoherence_only,200,80,0.007300,0.009950,-26.6
surface,5,decoherence_only,400,60,0.007250,0.009950,-27.1
surface,5,decoherence_only,600,40,0.009000,0.009950,-9.5
surface,5,decoherence_only,800,20,0.008250,0.009950,-17.1
surface,5,decoherence_only,1000,0,0.009950,0.009950,0.0
surface,7,decoherence_only,200,80,0.050150,0.061250,-18.1
surface,7,decoherence_only,400,60,0.053800,0.061250,-12.2
surface,7,decoherence_only,600,40,0.055350,0.061250,-9.6
surface,7,decoherence_only,800,20,0.058900,0.061250,-3.8
surface,7,decoherence_only,1000,0,0.061250,0.061250,0.0
surface,9,decoherence_only,200,80,0.285850,0.302150,-5.4
surface,9,decoherence_only,400,60,0.286650,0.302150,-5.1
surface,9,decoherence_only,600,40,0.298900,0.302150,-1.1
surface,9,decoherence_only,800,20,0.298650,0.302150,-1.2
surface,9,decoherence_only,1000,0,0.302150,0.302150,0.0
surface,11,decoherence_only,200,80,0.491800,0.495850,-0.8
surface,11,decoherence_only,400,60,0.495400,0.495850,-0.1
surface,11,decoherence_only,600,40,0.491100,0.495850,-1.0
surface,11,decoherence_only,800,20,0.494000,0.495850,-0.4
surface,11,decoherence_only,1000,0,0.495850,0.495850,0.0
surface,13,decoherence_only,200,80,0.505950,0.504000,0.4
surface,13,decoherence_only,400,60,0.494100,0.504000,-2.0
surface,13,decoherence_only,600,40,0.496300,0.504000,-1.5
surface,13,decoherence_only,800,20,0.505700,0.504000,0.3
surface,13,decoherence_only,1000,0,0.504000,0.504000,0.0
bacon,5,decoherence_only,200,80,0.000400,0.000000,
bacon,5,decoherence_only,400,60,0.000000,0.000000,
bacon,5,decoherence_only,600,40,0.000000,0.000000,
bacon,5,decoherence_only,800,20,0.000000,0.000000,
bacon,5,decoherence_only,1000,0,0.000000,0.000000,
bacon,7,decoherence_only,200,80,0.000000,0.000200,-100.0
bacon,7,decoherence_only,400,60,0.000000,0.000200,-100.0
bacon,7,decoherence_only,600,40,0.000000,0.000200,-100.0
bacon,7,decoherence_only,800,20,0.000000,0.000200,-100.0
bacon,7,decoherence_only,1000,0,0.000200,0.000200,0.0
bacon,9,decoherence_only,200,80,0.000000,0.000000,
bacon,9,decoherence_only,400,60,0.000000,0.000000,
bacon,9,decoherence_only,600,40,0.000000,0.000000,
bacon,9,decoherence_only,800,20,0.000000,0.000000,
bacon,9,decoherence_only,1000,0,0.000000,0.000000,
bacon,11,decoherence_only,200,80,0.000000,0.000000,
bacon,11,decoherence_only,400,60,0.000000,0.000000,
bacon,11,decoherence_only,600,40,0.000000,0.000000,
bacon,11,decoherence_only,800,20,0.000000,0.000000,
bacon,11,decoherence_only,1000,0,0.000000,0.000000,
bacon,13,decoherence_only,200,80,0.000000,0.000000,
bacon,13,decoherence_only,400,60,0.000000,0.000000,
bacon,13,decoherence_only,600,40,0.000000,0.000000,
bacon,13,decoherence_only,800,20,0.000000,0.000000,
bacon,13,decoherence_only,1000,0,0.000000,0.000000,
color,5,decoherence_only,200,80,0.019000,0.028800,-34.0
color,5,decoherence_only,400,60,0.019800,0.028800,-31.2
color,5,decoherence_only,600,40,0.026000,0.028800,-9.7
color,5,decoherence_only,800,20,0.027400,0.028800,-4.9
color,5,decoherence_only,1000,0,0.028800,0.028800,0.0
color,7,decoherence_only,200,80,0.123400,0.152000,-18.8
color,7,decoherence_only,400,60,0.147000,0.152000,-3.3
color,7,decoherence_only,600,40,0.135800,0.152000,-10.7
color,7,decoherence_only,800,20,0.140200,0.152000,-7.8
color,7,decoherence_only,1000,0,0.152000,0.152000,0.0
color,9,decoherence_only,200,80,0.450600,0.459400,-1.9
color,9,decoherence_only,400,60,0.444200,0.459400,-3.3
color,9,decoherence_only,600,40,0.447600,0.459400,-2.6
color,9,decoherence_only,800,20,0.458600,0.459400,-0.2
color,9,decoherence_only,1000,0,0.459400,0.459400,0.0
color,11,decoherence_only,200,80,0.514000,0.500800,2.6
color,11,decoherence_only,400,60,0.499600,0.500800,-0.2
color,11,decoherence_only,600,40,0.501400,0.500800,0.1
color,11,decoherence_only,800,20,0.500800,0.500800,0.0
color,11,decoherence_only,1000,0,0.500800,0.500800,0.0
color,13,decoherence_only,200,80,0.495000,0.494000,0.2
color,13,decoherence_only,400,60,0.500000,0.494000,1.2
color,13,decoherence_only,600,40,0.493600,0.494000,-0.1
color,13,decoherence_only,800,20,0.494000,0.494000,0.0
color,13,decoherence_only,1000,0,0.494000,0.494000,0.0
hh,5,decoherence_only,200,80,0.019850,0.024800,-20.0
hh,5,decoherence_only,400,60,0.022150,0.024800,-10.7
hh,5,decoherence_only,600,40,0.022000,0.024800,-11.3
hh,5,decoherence_only,800,20,0.024650,0.024800,-0.6
hh,5,decoherence_only,1000,0,0.024800,0.024800,0.0
hh,7,decoherence_only,200,80,0.114550,0.128500,-10.9
hh,7,decoherence_only,400,60,0.117200,0.128500,-8.8
hh,7,decoherence_only,600,40,0.123900,0.128500,-3.6
hh,7,decoherence_only,800,20,0.125200,0.128500,-2.6
hh,7,decoherence_only,1000,0,0.128500,0.128500,0.0
hh,9,decoherence_only,200,80,0.379900,0.400800,-5.2
hh,9,decoherence_only,400,60,0.386800,0.400800,-3.5
hh,9,decoherence_only,600,40,0.388450,0.400800,-3.1
hh,9,decoherence_only,800,20,0.398950,0.400800,-0.5
hh,9,decoherence_only,1000,0,0.400800,0.400800,0.0
hh,11,decoherence_only,200,80,0.496150,0.495650,0.1
hh,11,decoherence_only,400,60,0.501250,0.495650,1.1
hh,11,decoherence_only,600,40,0.499850,0.495650,0.8
hh,11,decoherence_only,800,20,0.505000,0.495650,1.9
hh,11,decoherence_only,1000,0,0.495650,0.495650,0.0
hh,13,decoherence_only,200,80,0.503750,0.503750,0.0
hh,13,decoherence_only,400,60,0.499450,0.503750,-0.9
hh,13,decoherence_only,600,40,0.497600,0.503750,-1.2
hh,13,decoherence_only,800,20,0.500250,0.503750,-0.7
hh,13,decoherence_only,1000,0,0.503750,0.503750,0.0
steane,9,decoherence_only,200,80,0.220000,0.247800,-11.2
steane,9,decoherence_only,400,60,0.232600,0.247800,-6.1
steane,9,decoherence_only,600,40,0.227800,0.247800,-8.1
steane,9,decoherence_only,800,20,0.235800,0.247800,-4.8
steane,9,decoherence_only,1000,0,0.247800,0.247800,0.0
gross,12,decoherence_only,200,80,1.000000,1.000000,0.0
gross,12,decoherence_only,400,60,1.000000,1.000000,0.0
gross,12,decoherence_only,600,40,1.000000,1.000000,0.0
gross,12,decoherence_only,800,20,1.000000,1.000000,0.0
gross,12,decoherence_only,1000,0,1.000000,1.000000,0.0
surface,5,heron_herqules_futuristic,200,80,0.005440,0.000660,724.2
surface,5,heron_herqules_futuristic,400,60,0.000780,0.000660,18.2
surface,5,heron_herqules_futuristic,600,40,0.000580,0.000660,-12.1
surface,5,heron_herqules_futuristic,800,20,0.000760,0.000660,15.2
surface,5,heron_herqules_futuristic,1000,0,0.000660,0.000660,0.0
surface,7,heron_herqules_futuristic,200,80,0.007560,0.001680,350.0
surface,7,heron_herqules_futuristic,400,60,0.001720,0.001680,2.4
surface,7,heron_herqules_futuristic,600,40,0.001440,0.001680,-14.3
surface,7,heron_herqules_futuristic,800,20,0.001600,0.001680,-4.8
surface,7,heron_herqules_futuristic,1000,0,0.001680,0.001680,0.0
surface,9,heron_herqules_futuristic,200,80,0.017980,0.007380,143.6
surface,9,heron_herqules_futuristic,400,60,0.007340,0.007380,-0.5
surface,9,heron_herqules_futuristic,600,40,0.006040,0.007380,-18.2
surface,9,heron_herqules_futuristic,800,20,0.006440,0.007380,-12.7
surface,9,heron_herqules_futuristic,1000,0,0.007380,0.007380,0.0
surface,11,heron_herqules_futuristic,200,80,0.080180,0.040600,97.5
surface,11,heron_herqules_futuristic,400,60,0.040680,0.040600,0.2
surface,11,heron_herqules_futuristic,600,40,0.037340,0.040600,-8.0
surface,11,heron_herqules_futuristic,800,20,0.038400,0.040600,-5.4
surface,11,heron_herqules_futuristic,1000,0,0.040600,0.040600,0.0
surface,13,heron_herqules_futuristic,200,80,0.289940,0.197940,46.5
surface,13,heron_herqules_futuristic,400,60,0.197040,0.197940,-0.5
surface,13,heron_herqules_futuristic,600,40,0.187300,0.197940,-5.4
surface,13,heron_herqules_futuristic,800,20,0.192800,0.197940,-2.6
surface,13,heron_herqules_futuristic,1000,0,0.197940,0.197940,0.0
bacon,5,heron_herqules_futuristic,200,80,0.401400,0.057200,601.7
bacon,5,heron_herqules_futuristic,400,60,0.083800,0.057200,46.5
bacon,5,heron_herqules_futuristic,600,40,0.052000,0.057200,-9.1
bacon,5,heron_herqules_futuristic,800,20,0.051800,0.057200,-9.4
bacon,5,heron_herqules_futuristic,1000,0,0.057200,0.057200,0.0
bacon,7,heron_herqules_futuristic,200,80,0.477200,0.077600,514.9
bacon,7,heron_herqules_futuristic,400,60,0.160000,0.077600,106.2
bacon,7,heron_herqules_futuristic,600,40,0.080600,0.077600,3.9
bacon,7,heron_herqules_futuristic,800,20,0.089400,0.077600,15.2
bacon,7,heron_herqules_futuristic,1000,0,0.077600,0.077600,0.0
bacon,9,heron_herqules_futuristic,200,80,0.507200,0.143200,254.2
bacon,9,heron_herqules_futuristic,400,60,0.265200,0.143200,85.2
bacon,9,heron_herqules_futuristic,600,40,0.148400,0.143200,3.6
bacon,9,heron_herqules_futuristic,800,20,0.148000,0.143200,3.4
bacon,9,heron_herqules_futuristic,1000,0,0.143200,0.143200,0.0
bacon,11,heron_herqules_futuristic,200,80,0.504600,0.192800,161.7
bacon,11,heron_herqules_futuristic,400,60,0.370800,0.192800,92.3
bacon,11,heron_herqules_futuristic,600,40,0.211000,0.192800,9.4
bacon,11,heron_herqules_futuristic,800,20,0.217000,0.192800,12.6
bacon,11,heron_herqules_futuristic,1000,0,0.192800,0.192800,0.0
bacon,13,heron_herqules_futuristic,200,80,0.493200,0.300400,64.2
bacon,13,heron_herqules_futuristic,400,60,0.427800,0.300400,42.4
bacon,13,heron_herqules_futuristic,600,40,0.303800,0.300400,1.1
bacon,13,heron_herqules_futuristic,800,20,0.302600,0.300400,0.7
bacon,13,heron_herqules_futuristic,1000,0,0.300400,0.300400,0.0
color,5,heron_herqules_futuristic,200,80,0.012200,0.004400,177.3
color,5,heron_herqules_futuristic,400,60,0.004800,0.004400,9.1
color,5,heron_herqules_futuristic,600,40,0.003400,0.004400,-22.7
color,5,heron_herqules_futuristic,800,20,0.003400,0.004400,-22.7
color,5,heron_herqules_futuristic,1000,0,0.004400,0.004400,0.0
color,7,heron_herqules_futuristic,200,80,0.021800,0.009000,142.2
color,7,heron_herqules_futuristic,400,60,0.009600,0.009000,6.7
color,7,heron_herqules_futuristic,600,40,0.006000,0.009000,-33.3
color,7,heron_herqules_futuristic,800,20,0.011800,0.009000,31.1
color,7,heron_herqules_futuristic,1000,0,0.009000,0.009000,0.0
color,9,heron_herqules_futuristic,200,80,0.082000,0.030600,168.0
color,9,heron_herqules_futuristic,400,60,0.033200,0.030600,8.5
color,9,heron_herqules_futuristic,600,40,0.030600,0.030600,0.0
color,9,heron_herqules_futuristic,800,20,0.034000,0.030600,11.1
color,9,heron_herqules_futuristic,1000,0,0.030600,0.030600,0.0
color,11,heron_herqules_futuristic,200,80,0.291600,0.162200,79.8
color,11,heron_herqules_futuristic,400,60,0.156200,0.162200,-3.7
color,11,heron_herqules_futuristic,600,40,0.155400,0.162200,-4.2
color,11,heron_herqules_futuristic,800,20,0.154800,0.162200,-4.6
color,11,heron_herqules_futuristic,1000,0,0.162200,0.162200,0.0
color,13,heron_herqules_futuristic,200,80,0.494400,0.432800,14.2
color,13,heron_herqules_futuristic,400,60,0.440000,0.432800,1.7
color,13,heron_herqules_futuristic,600,40,0.430000,0.432800,-0.6
color,13,heron_herqules_futuristic,800,20,0.432600,0.432800,-0.0
color,13,heron_herqules_futuristic,1000,0,0.432800,0.432800,0.0
hh,5,heron_herqules_futuristic,200,80,0.014020,0.004040,247.0
hh,5,heron_herqules_futuristic,400,60,0.004040,0.004040,0.0
hh,5,heron_herqules_futuristic,600,40,0.003660,0.004040,-9.4
hh,5,heron_herqules_futuristic,800,20,0.003260,0.004040,-19.3
hh,5,heron_herqules_futuristic,1000,0,0.004040,0.004040,0.0
hh,7,heron_herqules_futuristic,200,80,0.027640,0.011480,140.8
hh,7,heron_herqules_futuristic,400,60,0.011080,0.011480,-3.5
hh,7,heron_herqules_futuristic,600,40,0.011440,0.011480,-0.3
hh,7,heron_herqules_futuristic,800,20,0.011080,0.011480,-3.5
hh,7,heron_herqules_futuristic,1000,0,0.011480,0.011480,0.0
hh,9,heron_herqules_futuristic,200,80,0.088360,0.040160,120.0
hh,9,heron_herqules_futuristic,400,60,0.045120,0.040160,12.4
hh,9,heron_herqules_futuristic,600,40,0.041460,0.040160,3.2
hh,9,heron_herqules_futuristic,800,20,0.040460,0.040160,0.7
hh,9,heron_herqules_futuristic,1000,0,0.040160,0.040160,0.0
hh,11,heron_herqules_futuristic,200,80,0.255760,0.148160,72.6
hh,11,heron_herqules_futuristic,400,60,0.151260,0.148160,2.1
hh,11,heron_herqules_futuristic,600,40,0.144780,0.148160,-2.3
hh,11,heron_herqules_futuristic,800,20,0.147120,0.148160,-0.7
hh,11,heron_herqules_futuristic,1000,0,0.148160,0.148160,0.0
hh,13,heron_herqules_futuristic,200,80,0.455180,0.368500,23.5
hh,13,heron_herqules_futuristic,400,60,0.376780,0.368500,2.2
hh,13,heron_herqules_futuristic,600,40,0.365140,0.368500,-0.9
hh,13,heron_herqules_futuristic,800,20,0.369100,0.368500,0.2
hh,13,heron_herqules_futuristic,1000,0,0.368500,0.368500,0.0
steane,9,heron_herqules_futuristic,200,80,0.101400,0.093800,8.1
steane,9,heron_herqules_futuristic,400,60,0.103800,0.093800,10.7
steane,9,heron_herqules_futuristic,600,40,0.105200,0.093800,12.2
steane,9,heron_herqules_futuristic,800,20,0.096600,0.093800,3.0
steane,9,heron_herqules_futuristic,1000,0,0.093800,0.093800,0.0
gross,12,heron_herqules_futuristic,200,80,0.999000,0.992000,0.7
gross,12,heron_herqules_futuristic,400,60,0.986000,0.992000,-0.6
gross,12,heron_herqules_futuristic,600,40,0.988000,0.992000,-0.4
gross,12,heron_herqules_futuristic,800,20,0.990000,0.992000,-0.2
gross,12,heron_herqules_futuristic,1000,0,0.992000,0.992000,0.0
surface,5,heron_highfid,200,80,0.021920,0.011400,92.3
surface,5,heron_highfid,400,60,0.009600,0.011400,-15.8
surface,5,heron_highfid,600,40,0.009580,0.011400,-16.0
surface,5,heron_highfid,800,20,0.010460,0.011400,-8.2
surface,5,heron_highfid,1000,0,0.011400,0.011400,0.0
surface,7,heron_highfid,200,80,0.095400,0.066920,42.6
surface,7,heron_highfid,400,60,0.061120,0.066920,-8.7
surface,7,heron_highfid,600,40,0.060540,0.066920,-9.5
surface,7,heron_highfid,800,20,0.065780,0.066920,-1.7
surface,7,heron_highfid,1000,0,0.066920,0.066920,0.0
surface,9,heron_highfid,200,80,0.358060,0.319760,12.0
surface,9,heron_highfid,400,60,0.305360,0.319760,-4.5
surface,9,heron_highfid,600,40,0.302940,0.319760,-5.3
surface,9,heron_highfid,800,20,0.311360,0.319760,-2.6
surface,9,heron_highfid,1000,0,0.319760,0.319760,0.0
surface,11,heron_highfid,200,80,0.498240,0.494820,0.7
surface,11,heron_highfid,400,60,0.494520,0.494820,-0.1
surface,11,heron_highfid,600,40,0.491220,0.494820,-0.7
surface,11,heron_highfid,800,20,0.493840,0.494820,-0.2
surface,11,heron_highfid,1000,0,0.494820,0.494820,0.0
surface,13,heron_highfid,200,80,0.504420,0.498080,1.3
surface,13,heron_highfid,400,60,0.498540,0.498080,0.1
surface,13,heron_highfid,600,40,0.502160,0.498080,0.8
surface,13,heron_highfid,800,20,0.498980,0.498080,0.2
surface,13,heron_highfid,1000,0,0.498080,0.498080,0.0
bacon,5,heron_highfid,200,80,0.407200,0.057600,606.9
bacon,5,heron_highfid,400,60,0.096800,0.057600,68.1
bacon,5,heron_highfid,600,40,0.058600,0.057600,1.7
bacon,5,heron_highfid,800,20,0.065400,0.057600,13.5
bacon,5,heron_highfid,1000,0,0.057600,0.057600,0.0
bacon,7,heron_highfid,200,80,0.496400,0.097600,408.6
bacon,7,heron_highfid,400,60,0.179000,0.097600,83.4
bacon,7,heron_highfid,600,40,0.114000,0.097600,16.8
bacon,7,heron_highfid,800,20,0.099000,0.097600,1.4
bacon,7,heron_highfid,1000,0,0.097600,0.097600,0.0
bacon,9,heron_highfid,200,80,0.492400,0.161200,205.5
bacon,9,heron_highfid,400,60,0.286400,0.161200,77.7
bacon,9,heron_highfid,600,40,0.166800,0.161200,3.5
bacon,9,heron_highfid,800,20,0.165200,0.161200,2.5
bacon,9,heron_highfid,1000,0,0.161200,0.161200,0.0
bacon,11,heron_highfid,200,80,0.497400,0.231400,115.0
bacon,11,heron_highfid,400,60,0.397400,0.231400,71.7
bacon,11,heron_highfid,600,40,0.242000,0.231400,4.6
bacon,11,heron_highfid,800,20,0.234400,0.231400,1.3
bacon,11,heron_highfid,1000,0,0.231400,0.231400,0.0
bacon,13,heron_highfid,200,80,0.506000,0.320000,58.1
bacon,13,heron_highfid,400,60,0.451600,0.320000,41.1
bacon,13,heron_highfid,600,40,0.328800,0.320000,2.7
bacon,13,heron_highfid,800,20,0.324200,0.320000,1.3
bacon,13,heron_highfid,1000,0,0.320000,0.320000,0.0
color,5,heron_highfid,200,80,0.046800,0.033800,38.5
color,5,heron_highfid,400,60,0.027200,0.033800,-19.5
color,5,heron_highfid,600,40,0.025200,0.033800,-25.4
color,5,heron_highfid,800,20,0.027400,0.033800,-18.9
color,5,heron_highfid,1000,0,0.033800,0.033800,0.0
color,7,heron_highfid,200,80,0.209200,0.162800,28.5
color,7,heron_highfid,400,60,0.138600,0.162800,-14.9
color,7,heron_highfid,600,40,0.158800,0.162800,-2.5
color,7,heron_highfid,800,20,0.154400,0.162800,-5.2
color,7,heron_highfid,1000,0,0.162800,0.162800,0.0
color,9,heron_highfid,200,80,0.474200,0.461800,2.7
color,9,heron_highfid,400,60,0.463800,0.461800,0.4
color,9,heron_highfid,600,40,0.469000,0.461800,1.6
color,9,heron_highfid,800,20,0.469200,0.461800,1.6
color,9,heron_highfid,1000,0,0.461800,0.461800,0.0
color,11,heron_highfid,200,80,0.497600,0.504200,-1.3
color,11,heron_highfid,400,60,0.497600,0.504200,-1.3
color,11,heron_highfid,600,40,0.512200,0.504200,1.6
color,11,heron_highfid,800,20,0.506800,0.504200,0.5
color,11,heron_highfid,1000,0,0.504200,0.504200,0.0
color,13,heron_highfid,200,80,0.490200,0.498000,-1.6
color,13,heron_highfid,400,60,0.504400,0.498000,1.3
color,13,heron_highfid,600,40,0.496800,0.498000,-0.2
color,13,heron_highfid,800,20,0.496400,0.498000,-0.3
color,13,heron_highfid,1000,0,0.498000,0.498000,0.0
hh,5,heron_highfid,200,80,0.051380,0.030820,66.7
hh,5,heron_highfid,400,60,0.027440,0.030820,-11.0
hh,5,heron_highfid,600,40,0.027260,0.030820,-11.6
hh,5,heron_highfid,800,20,0.028980,0.030820,-6.0
hh,5,heron_highfid,1000,0,0.030820,0.030820,0.0
hh,7,heron_highfid,200,80,0.198380,0.143280,38.5
hh,7,heron_highfid,400,60,0.138440,0.143280,-3.4
hh,7,heron_highfid,600,40,0.135960,0.143280,-5.1
hh,7,heron_highfid,800,20,0.138260,0.143280,-3.5
hh,7,heron_highfid,1000,0,0.143280,0.143280,0.0
hh,9,heron_highfid,200,80,0.450700,0.414300,8.8
hh,9,heron_highfid,400,60,0.411480,0.414300,-0.7
hh,9,heron_highfid,600,40,0.405180,0.414300,-2.2
hh,9,heron_highfid,800,20,0.410180,0.414300,-1.0
hh,9,heron_highfid,1000,0,0.414300,0.414300,0.0
hh,11,heron_highfid,200,80,0.492820,0.496740,-0.8
hh,11,heron_highfid,400,60,0.500080,0.496740,0.7
hh,11,heron_highfid,600,40,0.497340,0.496740,0.1
hh,11,heron_highfid,800,20,0.497560,0.496740,0.2
hh,11,heron_highfid,1000,0,0.496740,0.496740,0.0
hh,13,heron_highfid,200,80,0.501940,0.499540,0.5
hh,13,heron_highfid,400,60,0.501880,0.499540,0.5
hh,13,heron_highfid,600,40,0.498680,0.499540,-0.2
hh,13,heron_highfid,800,20,0.499100,0.499540,-0.1
hh,13,heron_highfid,1000,0,0.499540,0.499540,0.0
steane,9,heron_highfid,200,80,0.242800,0.236400,2.7
steane,9,heron_highfid,400,60,0.231600,0.236400,-2.0
steane,9,heron_highfid,600,40,0.228400,0.236400,-3.4
steane,9,heron_highfid,800,20,0.234600,0.236400,-0.8
steane,9,heron_highfid,1000,0,0.236400,0.236400,0.0
gross,12,heron_highfid,200,80,1.000000,1.000000,0.0
gross,12,heron_highfid,400,60,1.000000,1.000000,0.0
gross,12,heron_highfid,600,40,0.999000,1.000000,-0.1
gross,12,heron_highfid,800,20,1.000000,1.000000,0.0
gross,12,heron_highfid,1000,0,1.000000,1.000000,0.0
surface,5,boston_lowt,200,80,0.022200,0.030280,-26.7
surface,5,boston_lowt,400,60,0.024600,0.030280,-18.8
surface,5,boston_lowt,600,40,0.024780,0.030280,-18.2
surface,5,boston_lowt,800,20,0.027160,0.030280,-10.3
surface,5,boston_lowt,1000,0,0.030280,0.030280,0.0
surface,7,boston_lowt,200,80,0.170400,0.190500,-10.6
surface,7,boston_lowt,400,60,0.173860,0.190500,-8.7
surface,7,boston_lowt,600,40,0.179100,0.190500,-6.0
surface,7,boston_lowt,800,20,0.189420,0.190500,-0.6
surface,7,boston_lowt,1000,0,0.190500,0.190500,0.0
surface,9,boston_lowt,200,80,0.467980,0.476060,-1.7
surface,9,boston_lowt,400,60,0.472180,0.476060,-0.8
surface,9,boston_lowt,600,40,0.471460,0.476060,-1.0
surface,9,boston_lowt,800,20,0.474400,0.476060,-0.3
surface,9,boston_lowt,1000,0,0.476060,0.476060,0.0
surface,11,boston_lowt,200,80,0.496600,0.499300,-0.5
surface,11,boston_lowt,400,60,0.498760,0.499300,-0.1
surface,11,boston_lowt,600,40,0.500880,0.499300,0.3
surface,11,boston_lowt,800,20,0.497400,0.499300,-0.4
surface,11,boston_lowt,1000,0,0.499300,0.499300,0.0
surface,13,boston_lowt,200,80,0.501420,0.495640,1.2
surface,13,boston_lowt,400,60,0.503000,0.495640,1.5
surface,13,boston_lowt,600,40,0.499640,0.495640,0.8
surface,13,boston_lowt,800,20,0.500220,0.495640,0.9
surface,13,boston_lowt,1000,0,0.495640,0.495640,0.0
bacon,5,boston_lowt,200,80,0.062600,0.077000,-18.7
bacon,5,boston_lowt,400,60,0.065200,0.077000,-15.3
bacon,5,boston_lowt,600,40,0.066200,0.077000,-14.0
bacon,5,boston_lowt,800,20,0.072600,0.077000,-5.7
bacon,5,boston_lowt,1000,0,0.077000,0.077000,0.0
bacon,7,boston_lowt,200,80,0.103200,0.127800,-19.2
bacon,7,boston_lowt,400,60,0.114600,0.127800,-10.3
bacon,7,boston_lowt,600,40,0.114400,0.127800,-10.5
bacon,7,boston_lowt,800,20,0.132600,0.127800,3.8
bacon,7,boston_lowt,1000,0,0.127800,0.127800,0.0
bacon,9,boston_lowt,200,80,0.175200,0.200800,-12.7
bacon,9,boston_lowt,400,60,0.176000,0.200800,-12.4
bacon,9,boston_lowt,600,40,0.179200,0.200800,-10.8
bacon,9,boston_lowt,800,20,0.200200,0.200800,-0.3
bacon,9,boston_lowt,1000,0,0.200800,0.200800,0.0
bacon,11,boston_lowt,200,80,0.257800,0.274800,-6.2
bacon,11,boston_lowt,400,60,0.249200,0.274800,-9.3
bacon,11,boston_lowt,600,40,0.261000,0.274800,-5.0
bacon,11,boston_lowt,800,20,0.278400,0.274800,1.3
bacon,11,boston_lowt,1000,0,0.274800,0.274800,0.0
bacon,13,boston_lowt,200,80,0.331800,0.350200,-5.3
bacon,13,boston_lowt,400,60,0.347000,0.350200,-0.9
bacon,13,boston_lowt,600,40,0.354200,0.350200,1.1
bacon,13,boston_lowt,800,20,0.356400,0.350200,1.8
bacon,13,boston_lowt,1000,0,0.350200,0.350200,0.0
color,5,boston_lowt,200,80,0.069400,0.086400,-19.7
color,5,boston_lowt,400,60,0.071000,0.086400,-17.8
color,5,boston_lowt,600,40,0.074800,0.086400,-13.4
color,5,boston_lowt,800,20,0.076400,0.086400,-11.6
color,5,boston_lowt,1000,0,0.086400,0.086400,0.0
color,7,boston_lowt,200,80,0.356800,0.374600,-4.8
color,7,boston_lowt,400,60,0.360800,0.374600,-3.7
color,7,boston_lowt,600,40,0.379000,0.374600,1.2
color,7,boston_lowt,800,20,0.372400,0.374600,-0.6
color,7,boston_lowt,1000,0,0.374600,0.374600,0.0
color,9,boston_lowt,200,80,0.505200,0.485400,4.1
color,9,boston_lowt,400,60,0.505800,0.485400,4.2
color,9,boston_lowt,600,40,0.508600,0.485400,4.8
color,9,boston_lowt,800,20,0.496200,0.485400,2.2
color,9,boston_lowt,1000,0,0.485400,0.485400,0.0
color,11,boston_lowt,200,80,0.510200,0.501600,1.7
color,11,boston_lowt,400,60,0.494200,0.501600,-1.5
color,11,boston_lowt,600,40,0.497800,0.501600,-0.8
color,11,boston_lowt,800,20,0.497400,0.501600,-0.8
color,11,boston_lowt,1000,0,0.501600,0.501600,0.0
color,13,boston_lowt,200,80,0.508600,0.495000,2.7
color,13,boston_lowt,400,60,0.506600,0.495000,2.3
color,13,boston_lowt,600,40,0.500400,0.495000,1.1
color,13,boston_lowt,800,20,0.510600,0.495000,3.2
color,13,boston_lowt,1000,0,0.495000,0.495000,0.0
hh,5,boston_lowt,200,80,0.050260,0.063540,-20.9
hh,5,boston_lowt,400,60,0.053260,0.063540,-16.2
hh,5,boston_lowt,600,40,0.056860,0.063540,-10.5
hh,5,boston_lowt,800,20,0.060460,0.063540,-4.8
hh,5,boston_lowt,1000,0,0.063540,0.063540,0.0
hh,7,boston_lowt,200,80,0.262160,0.288320,-9.1
hh,7,boston_lowt,400,60,0.267240,0.288320,-7.3
hh,7,boston_lowt,600,40,0.279860,0.288320,-2.9
hh,7,boston_lowt,800,20,0.282380,0.288320,-2.1
hh,7,boston_lowt,1000,0,0.288320,0.288320,0.0
hh,9,boston_lowt,200,80,0.487520,0.493360,-1.2
hh,9,boston_lowt,400,60,0.488860,0.493360,-0.9
hh,9,boston_lowt,600,40,0.492260,0.493360,-0.2
hh,9,boston_lowt,800,20,0.489260,0.493360,-0.8
hh,9,boston_lowt,1000,0,0.493360,0.493360,0.0
hh,11,boston_lowt,200,80,0.501800,0.500140,0.3
hh,11,boston_lowt,400,60,0.500760,0.500140,0.1
hh,11,boston_lowt,600,40,0.499020,0.500140,-0.2
hh,11,boston_lowt,800,20,0.501240,0.500140,0.2
hh,11,boston_lowt,1000,0,0.500140,0.500140,0.0
hh,13,boston_lowt,200,80,0.499400,0.502240,-0.6
hh,13,boston_lowt,400,60,0.501460,0.502240,-0.2
hh,13,boston_lowt,600,40,0.498580,0.502240,-0.7
hh,13,boston_lowt,800,20,0.494940,0.502240,-1.5
hh,13,boston_lowt,1000,0,0.502240,0.502240,0.0
steane,9,boston_lowt,200,80,0.303400,0.315600,-3.9
steane,9,boston_lowt,400,60,0.309800,0.315600,-1.8
steane,9,boston_lowt,600,40,0.307400,0.315600,-2.6
steane,9,boston_lowt,800,20,0.307800,0.315600,-2.5
steane,9,boston_lowt,1000,0,0.315600,0.315600,0.0
gross,12,boston_lowt,200,80,1.000000,0.999000,0.1
gross,12,boston_lowt,400,60,1.000000,0.999000,0.1
gross,12,boston_lowt,600,40,1.000000,0.999000,0.1
gross,12,boston_lowt,800,20,0.999000,0.999000,0.0
gross,12,boston_lowt,1000,0,0.999000,0.999000,0.0
surface,5,futuristic_fixedreadout,200,80,0.000480,0.000880,-45.5
surface,5,futuristic_fixedreadout,400,60,0.000360,0.000880,-59.1
surface,5,futuristic_fixedreadout,600,40,0.000320,0.000880,-63.6
surface,5,futuristic_fixedreadout,800,20,0.000480,0.000880,-45.5
surface,5,futuristic_fixedreadout,1000,0,0.000880,0.000880,0.0
surface,7,futuristic_fixedreadout,200,80,0.000960,0.001320,-27.3
surface,7,futuristic_fixedreadout,400,60,0.001160,0.001320,-12.1
surface,7,futuristic_fixedreadout,600,40,0.001160,0.001320,-12.1
surface,7,futuristic_fixedreadout,800,20,0.001140,0.001320,-13.6
surface,7,futuristic_fixedreadout,1000,0,0.001320,0.001320,0.0
surface,9,futuristic_fixedreadout,200,80,0.005520,0.006260,-11.8
surface,9,futuristic_fixedreadout,400,60,0.005680,0.006260,-9.3
surface,9,futuristic_fixedreadout,600,40,0.005480,0.006260,-12.5
surface,9,futuristic_fixedreadout,800,20,0.005640,0.006260,-9.9
surface,9,futuristic_fixedreadout,1000,0,0.006260,0.006260,0.0
surface,11,futuristic_fixedreadout,200,80,0.031420,0.035660,-11.9
surface,11,futuristic_fixedreadout,400,60,0.031580,0.035660,-11.4
surface,11,futuristic_fixedreadout,600,40,0.033580,0.035660,-5.8
surface,11,futuristic_fixedreadout,800,20,0.033860,0.035660,-5.0
surface,11,futuristic_fixedreadout,1000,0,0.035660,0.035660,0.0
surface,13,futuristic_fixedreadout,200,80,0.166840,0.178940,-6.8
surface,13,futuristic_fixedreadout,400,60,0.171580,0.178940,-4.1
surface,13,futuristic_fixedreadout,600,40,0.170360,0.178940,-4.8
surface,13,futuristic_fixedreadout,800,20,0.174240,0.178940,-2.6
surface,13,futuristic_fixedreadout,1000,0,0.178940,0.178940,0.0
bacon,5,futuristic_fixedreadout,200,80,0.002600,0.004400,-40.9
bacon,5,futuristic_fixedreadout,400,60,0.001600,0.004400,-63.6
bacon,5,futuristic_fixedreadout,600,40,0.002200,0.004400,-50.0
bacon,5,futuristic_fixedreadout,800,20,0.004000,0.004400,-9.1
bacon,5,futuristic_fixedreadout,1000,0,0.004400,0.004400,0.0
bacon,7,futuristic_fixedreadout,200,80,0.000400,0.001800,-77.8
bacon,7,futuristic_fixedreadout,400,60,0.000400,0.001800,-77.8
bacon,7,futuristic_fixedreadout,600,40,0.000600,0.001800,-66.7
bacon,7,futuristic_fixedreadout,800,20,0.000800,0.001800,-55.6
bacon,7,futuristic_fixedreadout,1000,0,0.001800,0.001800,0.0
bacon,9,futuristic_fixedreadout,200,80,0.001200,0.000200,500.0
bacon,9,futuristic_fixedreadout,400,60,0.001000,0.000200,400.0
bacon,9,futuristic_fixedreadout,600,40,0.000800,0.000200,300.0
bacon,9,futuristic_fixedreadout,800,20,0.000600,0.000200,200.0
bacon,9,futuristic_fixedreadout,1000,0,0.000200,0.000200,0.0
bacon,11,futuristic_fixedreadout,200,80,0.000600,0.000200,200.0
bacon,11,futuristic_fixedreadout,400,60,0.000600,0.000200,200.0
bacon,11,futuristic_fixedreadout,600,40,0.000000,0.000200,-100.0
bacon,11,futuristic_fixedreadout,800,20,0.000600,0.000200,200.0
bacon,11,futuristic_fixedreadout,1000,0,0.000200,0.000200,0.0
bacon,13,futuristic_fixedreadout,200,80,0.000600,0.000000,
bacon,13,futuristic_fixedreadout,400,60,0.000200,0.000000,
bacon,13,futuristic_fixedreadout,600,40,0.000800,0.000000,
bacon,13,futuristic_fixedreadout,800,20,0.000400,0.000000,
bacon,13,futuristic_fixedreadout,1000,0,0.000000,0.000000,
color,5,futuristic_fixedreadout,200,80,0.001600,0.002600,-38.5
color,5,futuristic_fixedreadout,400,60,0.002600,0.002600,0.0
color,5,futuristic_fixedreadout,600,40,0.001600,0.002600,-38.5
color,5,futuristic_fixedreadout,800,20,0.003000,0.002600,15.4
color,5,futuristic_fixedreadout,1000,0,0.002600,0.002600,0.0
color,7,futuristic_fixedreadout,200,80,0.004000,0.009200,-56.5
color,7,futuristic_fixedreadout,400,60,0.007000,0.009200,-23.9
color,7,futuristic_fixedreadout,600,40,0.007200,0.009200,-21.7
color,7,futuristic_fixedreadout,800,20,0.006800,0.009200,-26.1
color,7,futuristic_fixedreadout,1000,0,0.009200,0.009200,0.0
color,9,futuristic_fixedreadout,200,80,0.022200,0.021600,2.8
color,9,futuristic_fixedreadout,400,60,0.027000,0.021600,25.0
color,9,futuristic_fixedreadout,600,40,0.030000,0.021600,38.9
color,9,futuristic_fixedreadout,800,20,0.026600,0.021600,23.1
color,9,futuristic_fixedreadout,1000,0,0.021600,0.021600,0.0
color,11,futuristic_fixedreadout,200,80,0.140400,0.141600,-0.8
color,11,futuristic_fixedreadout,400,60,0.137400,0.141600,-3.0
color,11,futuristic_fixedreadout,600,40,0.141800,0.141600,0.1
color,11,futuristic_fixedreadout,800,20,0.137200,0.141600,-3.1
color,11,futuristic_fixedreadout,1000,0,0.141600,0.141600,0.0
color,13,futuristic_fixedreadout,200,80,0.423600,0.421000,0.6
color,13,futuristic_fixedreadout,400,60,0.423000,0.421000,0.5
color,13,futuristic_fixedreadout,600,40,0.427800,0.421000,1.6
color,13,futuristic_fixedreadout,800,20,0.421000,0.421000,0.0
color,13,futuristic_fixedreadout,1000,0,0.421000,0.421000,0.0
hh,5,futuristic_fixedreadout,200,80,0.002180,0.003000,-27.3
hh,5,futuristic_fixedreadout,400,60,0.002620,0.003000,-12.7
hh,5,futuristic_fixedreadout,600,40,0.002800,0.003000,-6.7
hh,5,futuristic_fixedreadout,800,20,0.002660,0.003000,-11.3
hh,5,futuristic_fixedreadout,1000,0,0.003000,0.003000,0.0
hh,7,futuristic_fixedreadout,200,80,0.008100,0.008220,-1.5
hh,7,futuristic_fixedreadout,400,60,0.008580,0.008220,4.4
hh,7,futuristic_fixedreadout,600,40,0.007500,0.008220,-8.8
hh,7,futuristic_fixedreadout,800,20,0.008140,0.008220,-1.0
hh,7,futuristic_fixedreadout,1000,0,0.008220,0.008220,0.0
hh,9,futuristic_fixedreadout,200,80,0.031120,0.033480,-7.0
hh,9,futuristic_fixedreadout,400,60,0.032460,0.033480,-3.0
hh,9,futuristic_fixedreadout,600,40,0.032500,0.033480,-2.9
hh,9,futuristic_fixedreadout,800,20,0.031860,0.033480,-4.8
hh,9,futuristic_fixedreadout,1000,0,0.033480,0.033480,0.0
hh,11,futuristic_fixedreadout,200,80,0.121280,0.128000,-5.3
hh,11,futuristic_fixedreadout,400,60,0.122200,0.128000,-4.5
hh,11,futuristic_fixedreadout,600,40,0.122780,0.128000,-4.1
hh,11,futuristic_fixedreadout,800,20,0.125120,0.128000,-2.2
hh,11,futuristic_fixedreadout,1000,0,0.128000,0.128000,0.0
hh,13,futuristic_fixedreadout,200,80,0.335280,0.343860,-2.5
hh,13,futuristic_fixedreadout,400,60,0.337160,0.343860,-1.9
hh,13,futuristic_fixedreadout,600,40,0.338400,0.343860,-1.6
hh,13,futuristic_fixedreadout,800,20,0.345000,0.343860,0.3
hh,13,futuristic_fixedreadout,1000,0,0.343860,0.343860,0.0
steane,9,futuristic_fixedreadout,200,80,0.087800,0.099800,-12.0
steane,9,futuristic_fixedreadout,400,60,0.092600,0.099800,-7.2
steane,9,futuristic_fixedreadout,600,40,0.090600,0.099800,-9.2
steane,9,futuristic_fixedreadout,800,20,0.091800,0.099800,-8.0
steane,9,futuristic_fixedreadout,1000,0,0.099800,0.099800,0.0
gross,12,futuristic_fixedreadout,200,80,0.984000,0.985000,-0.1
gross,12,futuristic_fixedreadout,400,60,0.984000,0.985000,-0.1
gross,12,futuristic_fixedreadout,600,40,0.986000,0.985000,0.1
gross,12,futuristic_fixedreadout,800,20,0.990000,0.985000,0.5
gross,12,futuristic_fixedreadout,1000,0,0.985000,0.985000,0.0
